<?xml version="1.0" encoding="UTF-8"?><?xml-stylesheet type='text/xsl' href='_UpgradeReport_Files/UpgradeReport.xslt'?><UpgradeLog>
<Properties><Property Name="Solution" Value="Synth">
</Property><Property Name="Fichier solution" Value="C:\Users\erzegher\Desktop\TP3D_avec_cloche_visual08_etudiant_bon\TP3D\Synth.sln">
</Property><Property Name="Date" Value="mardi 31 janvier 2012">
</Property><Property Name="Time" Value="10:24">
</Property><Property Name="Numéro de journal" Value="2">
</Property></Properties><Event ErrorLevel="0" Project="Synth" Source="Synth.vcproj" Description="Converting project file 'C:\Users\erzegher\Desktop\TP3D_avec_cloche_visual08_etudiant_bon\TP3D\Synth.vcproj'.">
</Event><Event ErrorLevel="1" Project="Synth" Source="Synth.vcproj" Description="VCWebServiceProxyGeneratorTool is no longer supported. The tool has been removed from your project settings.">
</Event><Event ErrorLevel="1" Project="Synth" Source="Synth.vcproj" Description="MSB8012: $(TargetName) ('Synth') does not match the Linker's OutputFile property value 'Release/French3D.exe' ('French3D') in project configuration 'Release|Win32'. This may cause your project to build incorrectly. To correct this, please make sure that $(TargetName) property value matches the value specified in %(Link.OutputFile).">
</Event><Event ErrorLevel="1" Project="Synth" Source="Synth.vcproj" Description="MSB8012: $(TargetPath) ('C:\Users\erzegher\Desktop\TP3D_avec_cloche_visual08_etudiant_bon\TP3D\.\Release\Synth.exe') does not match the Linker's OutputFile property value 'Release/French3D.exe' ('C:\Users\erzegher\Desktop\TP3D_avec_cloche_visual08_etudiant_bon\TP3D\Release/French3D.exe') in project configuration 'Release|Win32'. This may cause your project to build incorrectly. To correct this, please make sure that $(TargetPath) property value matches the value specified in %(Link.OutputFile).">
</Event><Event ErrorLevel="1" Project="Synth" Source="Synth.vcproj" Description="MSB8012: $(TargetPath) ('C:\Users\erzegher\Desktop\TP3D_avec_cloche_visual08_etudiant_bon\TP3D\.\Debug\Synth.exe') does not match the Linker's OutputFile property value '.\Debug/Synth.exe' ('C:\Users\erzegher\Desktop\TP3D_avec_cloche_visual08_etudiant_bon\TP3D\Debug/Synth.exe') in project configuration 'Debug|Win32'. This may cause your project to build incorrectly. To correct this, please make sure that $(TargetPath) property value matches the value specified in %(Link.OutputFile).">
</Event><Event ErrorLevel="0" Project="Synth" Source="Synth.vcproj" Description="Done converting to new project file 'C:\Users\erzegher\Desktop\TP3D_avec_cloche_visual08_etudiant_bon\TP3D\Synth.vcxproj'.">
</Event><Event ErrorLevel="3" Project="Synth" Source="Synth.vcproj" Description="Converted">
</Event><Event ErrorLevel="0" Project="" Source="Synth.sln" Description="Solution correctement convertie">
</Event><Event ErrorLevel="3" Project="" Source="Synth.sln" Description="Converted">
</Event></UpgradeLog>