<?xml version="1.0" encoding="UTF-8"?><?xml-stylesheet type='text/xsl' href='_UpgradeReport_Files/UpgradeReport.xslt'?><UpgradeLog>
<Properties><Property Name="Solution" Value="Synth">
</Property><Property Name="Fichier solution" Value="C:\Documents and Settings\erzegher\Bureau\Visual2008\Bon_Mien3Dvisual2008_cloche_pour_boite\TP3D\Synth.sln">
</Property><Property Name="Date" Value="mercredi 30 septembre 2009">
</Property><Property Name="Time" Value="11:19">
</Property></Properties><Event ErrorLevel="0" Project="Synth" Source="Synth.vcproj" Description="Le déploiement Web sur le serveur IIS local IIS n'est plus pris en charge. L'outil de génération Déploiement Web a été supprimé des paramètres de votre projet.">
</Event><Event ErrorLevel="1" Project="Synth" Source="Synth.vcproj" Description="Cette application a été mise à jour pour inclure les paramètres liés à la fonctionnalité Contrôle de compte d'utilisateur de Windows Vista. Par défaut, lorsqu'elle est exécutée sur Windows Vista avec le Contrôle de compte d'utilisateur activé, cette application est marquée pour s'exécuter avec les mêmes privilèges que le processus qui l'a lancée. Ce marquage empêche l'application de s'exécuter avec la virtualisation. Vous pouvez changer les paramètres du Contrôle de compte d'utilisateur dans les pages de propriétés du projet.">
</Event><Event ErrorLevel="0" Project="Synth" Source="Synth.vcproj" Description="Mise à niveau du projet terminée.">
</Event><Event ErrorLevel="3" Project="Synth" Source="Synth.vcproj" Description="Converted">
</Event><Event ErrorLevel="0" Project="" Source="Synth.sln" Description="Solution correctement convertie">
</Event><Event ErrorLevel="3" Project="" Source="Synth.sln" Description="Converted">
</Event></UpgradeLog>